{
  "train_loss": [
    0.6329137796973004,
    0.5086070586133886,
    0.4186221164317779,
    0.3508976007133354,
    0.2895173692592868
  ],
  "train_acc": [
    0.625,
    0.7577160493827161,
    0.8132716049382716,
    0.8410493827160493,
    0.8657407407407407
  ],
  "val_loss": [
    0.4883668124675751,
    0.4656226999229855,
    0.41692108909289044,
    0.3863884028461244,
    0.3854725509881973
  ],
  "val_acc": [
    0.8309859154929577,
    0.8028169014084507,
    0.8028169014084507,
    0.8591549295774648,
    0.8591549295774648
  ]
}